Domain,Status,Attractiveness,Demand,Length,Sectors,Created,Expires,Registrar
one.baby,available,132,43%,3,"Business,General,Media,Technology",,,
complete.baby,available,120,21%,8,"Manufacturing,Retail,Technology",,,
second.baby,available,120,23%,6,"General,Mathematics",,,
flat.baby,available,116,23%,4,"Construction,Real Estate",,,
tenth.baby,available,116,7%,5,Mathematics,,,
equal.baby,available,116,19%,5,"Education,General,Law",,,
tonic.baby,available,114,22%,5,"Health and Fitness,Medicine,Science",,,
acute.baby,available,112,9%,5,"Mathematics,Medicine,Science",,,
zero.baby,resell,112,49%,4,Mathematics,05/08/2025 23:32,05/08/2026 23:59,"Xiamen ChinaSource Internet Service Co., Ltd"
above.baby,available,112,22%,5,Business,,,
hotshot.baby,available,112,14%,7,"Business,Entertainment,Sports",,,
abstract.baby,available,108,29%,8,"Arts,Humanities,Science",,,
abiding.baby,available,106,5%,7,"General,Religion",,,
expert.baby,available,104,26%,6,"Business,Education,Technology",,,
teen.baby,available,104,14%,4,"Education,Entertainment,Healthcare",,,
absent.baby,available,102,8%,6,"Business,Education,Technology",,,
captive.baby,available,102,14%,7,"Entertainment,Hospitality,Technology",,,
ninth.baby,available,100,9%,5,Mathematics,,,
sixth.baby,available,100,8%,5,Mathematics,,,
abrupt.baby,available,100,3%,6,"Medicine,Science",,,
adjunct.baby,available,100,5%,7,Education,,,
third.baby,available,100,15%,5,Mathematics,,,
whiz.baby,available,100,12%,4,"Business,Education,Technology",,,
eighth.baby,available,100,6%,6,Mathematics,,,
genius.baby,resell,98,46%,6,"Arts,Education,Technology",25/07/2025 12:13,25/07/2026 23:59,Dynadot LLC
whizz.baby,available,98,11%,5,"Business,Education,Technology",,,
doable.baby,available,96,9%,6,"Business,Education,Technology",,,
alamode.baby,available,96,12%,9,Fashion,,,
academic.baby,available,96,20%,8,"Education,Humanities,Science",,,
forgiving.baby,available,96,3%,9,"Healthcare,Religion",,,
actual.baby,available,96,22%,6,"Real Estate,Retail,Technology",,,
adequate.baby,available,94,9%,8,"Education,Healthcare,Technology",,,
around.baby,available,94,22%,6,"Business,General,Media,Technology",,,
about.baby,available,94,28%,5,"Business,General,Media,Technology",,,
virtuoso.baby,available,94,16%,8,"Arts,Entertainment",,,
exemplary.baby,available,92,5%,9,"Business,Education,Healthcare",,,
adept.baby,available,92,24%,5,"Education,Health and Fitness,Sports",,,
neutral.baby,available,92,20%,7,"Business,Media,Politics",,,
nought.baby,available,92,4%,6,Mathematics,,,
twentieth.baby,available,92,3%,9,Mathematics,,,
derelict.baby,available,92,7%,8,"Construction,Real Estate",,,
adjective.baby,available,92,5%,9,Education,,,
abroad.baby,available,92,12%,6,"Hospitality,Travel",,,
additional.baby,available,90,8%,10,"Fashion,Retail,Technology",,,
clear.baby,expired,90,47%,5,"Manufacturing,Retail,Technology",01/07/2022 17:26,01/07/2025 23:59,"Go Daddy, LLC"
riveting.baby,available,90,6%,8,"Entertainment,Media,Technology",,,
endearing.baby,available,90,1%,9,"Entertainment,Fashion,Retail",,,
addictive.baby,available,90,9%,9,Healthcare,,,
adoring.baby,available,90,2%,7,"Entertainment,Fashion,Retail",,,
abortive.baby,available,90,1%,8,"Medicine,Science",,,
gripping.baby,available,90,3%,8,"Entertainment,Media,Technology",,,
leash.baby,available,90,7%,5,"General,Health and Fitness,Retail",,,
adlib.baby,available,88,7%,6,Entertainment,,,
activist.baby,available,88,12%,8,"Humanities,Politics",,,
three.baby,available,88,23%,5,Mathematics,,,
fifteen.baby,available,88,13%,7,Mathematics,,,
ace.baby,available,88,34%,3,Sports,,,
sixteen.baby,available,88,10%,7,Mathematics,,,
hundred.baby,available,88,13%,7,Mathematics,,,
actionable.baby,available,88,13%,10,"Business,Law",,,
proficient.baby,available,88,8%,10,"Education,Health and Fitness,Sports",,,
recondite.baby,available,86,4%,9,"Arts,Humanities,Science",,,
aboriginal.baby,available,86,10%,10,Humanities,,,
star.baby,available,86,40%,4,"Entertainment,Media,Sports",,,
intent.baby,available,86,25%,6,"Business,Education,Technology",,,
attendant.baby,available,86,5%,9,"Healthcare,Hospitality,Transportation",,,
xix.baby,available,86,10%,3,Mathematics,,,
engrossing.baby,available,86,0%,10,"Entertainment,Media,Technology",,,
xiv.baby,available,86,12%,3,Mathematics,,,
adolescent.baby,available,86,3%,10,"Education,Entertainment,Healthcare",,,
extempore.baby,available,86,3%,9,Entertainment,,,
adjustable.baby,available,84,3%,10,"Manufacturing,Retail,Technology",,,
grand.baby,expiring,84,25%,5,"Finance,General",31/08/2023 01:30,31/08/2025 23:59,"Go Daddy, LLC"
twentytwo.baby,available,84,10%,10,Mathematics,,,
fourteen.baby,available,84,8%,8,Mathematics,,,
deviate.baby,available,84,12%,7,"Medicine,Science",,,
thirteen.baby,available,84,10%,8,Mathematics,,,
seventeen.baby,available,84,7%,9,Mathematics,,,
acting.baby,available,84,12%,6,Entertainment,,,
twentyone.baby,available,84,13%,10,Mathematics,,,
accessory.baby,available,84,8%,9,"Fashion,Retail,Technology",,,
nineteen.baby,available,84,8%,8,Mathematics,,,
thousand.baby,available,84,8%,8,Mathematics,,,
dozen.baby,available,82,10%,5,Mathematics,,,
absorbent.baby,available,82,3%,9,"Healthcare,Manufacturing,Retail",,,
fivesome.baby,available,82,1%,8,Sports,,,
cleansing.baby,available,82,3%,9,Health and Fitness,,,
abkhaz.baby,available,82,1%,6,Geography,,,
enduring.baby,available,82,9%,8,"Health and Fitness,Religion",,,
altered.baby,available,82,9%,7,"Medicine,Science",,,
abroach.baby,available,82,1%,7,Food and Beverage,,,
impromptu.baby,available,82,16%,9,Entertainment,,,
abenaki.baby,available,82,2%,7,Geography,,,
abdominal.baby,available,82,1%,9,"Health and Fitness,Medicine",,,
decade.baby,available,82,10%,6,Mathematics,,,
absurd.baby,available,80,16%,6,"Arts,Entertainment,Media",,,
forty.baby,available,80,9%,5,Mathematics,,,
absorbable.baby,available,80,0%,10,"Healthcare,Pharmaceuticals,Science",,,
adoptable.baby,available,80,3%,9,"Education,Healthcare",,,
worshipful.baby,available,80,1%,10,"Education,Healthcare,Religion",,,
absolute.baby,resell,80,25%,8,"Engineering,Mathematics,Science",27/04/2025 06:50,27/04/2026 23:59,"Spaceship, Inc."
able.baby,available,80,29%,4,"Business,Education,General,Technology",,,
trio.baby,available,80,21%,4,Entertainment,,,
some.baby,resell,80,32%,4,"Business,Media,Retail",06/05/2025 20:27,06/05/2026 23:59,Dynadot LLC
dorsal.baby,available,80,6%,6,"Medicine,Science",,,
yard.baby,available,80,25%,4,"Construction,General",,,
sequent.baby,available,80,7%,7,"Healthcare,Insurance,Transportation",,,
seventh.baby,available,80,10%,7,Mathematics,,,
first.baby,available,80,34%,5,"General,Mathematics",,,
twenty.baby,available,80,12%,6,Mathematics,,,
capable.baby,available,80,12%,7,"Business,Education,Technology",,,
adjacent.baby,available,78,9%,8,"Construction,Real Estate,Retail",,,
absorptive.baby,available,78,1%,10,"Healthcare,Manufacturing,Retail",,,
dormant.baby,available,78,4%,7,"Medicine,Science",,,
recognized.baby,available,78,3%,10,"Business,Education,Technology",,,
abkhazian.baby,available,78,1%,9,Geography,,,
adorable.baby,resell,78,8%,8,"Entertainment,Fashion,Retail",03/08/2025 20:34,03/08/2026 23:59,"Spaceship, Inc."
abkhasian.baby,available,78,1%,9,Geography,,,
low.baby,available,78,20%,3,"Business,Finance",,,
recognised.baby,available,78,3%,10,"Business,Education,Technology",,,
acceptable.baby,available,78,5%,10,"Business,Hospitality,Retail",,,
acceptant.baby,available,78,1%,9,"Education,Healthcare",,,
honestly.baby,available,78,9%,8,"Business,Law",,,
accepted.baby,available,78,6%,8,"Business,Education,Technology",,,
accidental.baby,available,78,11%,10,"Healthcare,Insurance,Transportation",,,
accessible.baby,available,78,21%,10,"Healthcare,Retail,Technology",,,
twentysix.baby,available,78,8%,10,Mathematics,,,
athletic.baby,available,78,15%,8,"Health and Fitness,Sports",,,
sixtynine.baby,available,78,8%,10,Mathematics,,,
adrenal.baby,available,78,4%,7,"Education,Healthcare,Science",,,
abounding.baby,available,78,2%,9,Agriculture,,,
accurate.baby,available,78,16%,8,"Engineering,Mathematics,Science",,,
ancillary.baby,available,76,6%,9,"Healthcare,Manufacturing,Technology",,,
adipose.baby,available,76,2%,7,"Healthcare,Science",,,
threed.baby,available,76,7%,7,Technology,,,
adhesive.baby,available,76,7%,8,"Construction,Manufacturing,Technology",,,
hundredth.baby,available,76,1%,9,Mathematics,,,
improvise.baby,available,76,4%,9,Entertainment,,,
adaptable.baby,available,76,9%,9,"Business,Education,Technology",,,
thousandth.baby,available,76,1%,10,Mathematics,,,
energizing.baby,available,76,3%,10,"Food and Beverage,Health and Fitness,Travel",,,
auxiliary.baby,available,76,7%,9,"Healthcare,Manufacturing,Technology",,,
abrasive.baby,available,76,6%,8,"Construction,Manufacturing",,,
ague.baby,available,76,2%,4,"Geography,Medicine,Science",,,
adaptive.baby,available,76,28%,8,"Business,Education,Technology",,,
firstrate.baby,available,76,6%,10,Business,,,
diamond.baby,available,76,32%,7,Fashion,,,
incidental.baby,available,76,4%,10,"Healthcare,Insurance,Transportation",,,
nineteenth.baby,available,76,3%,10,Mathematics,,,
adherent.baby,available,76,4%,8,"Politics,Religion",,,
eighteen.baby,available,76,7%,8,Mathematics,,,
obscene.baby,available,76,5%,7,"Entertainment,Media",,,
fifteenth.baby,available,76,2%,9,Mathematics,,,
addable.baby,available,76,2%,7,"Engineering,Mathematics,Science",,,
acoustic.baby,available,76,14%,8,Science,,,
ventral.baby,available,76,3%,7,Science,,,
fourteenth.baby,available,76,2%,10,Mathematics,,,
resultant.baby,available,76,2%,9,"Healthcare,Insurance,Transportation",,,
thirteenth.baby,available,76,3%,10,Mathematics,,,
adrenergic.baby,available,74,1%,10,"Education,Healthcare,Science",,,
accepting.baby,available,74,3%,9,"Education,Healthcare",,,
cleared.baby,available,74,7%,7,"Healthcare,Law,Transportation",,,
aberrant.baby,available,74,6%,8,"Medicine,Science",,,
abnormal.baby,available,74,16%,8,"Medicine,Science",,,
skilful.baby,available,74,3%,7,"Education,Health and Fitness,Sports",,,
achievable.baby,available,74,4%,10,"Business,Education,Technology",,,
adapted.baby,available,74,6%,7,"Healthcare,Manufacturing,Technology",,,
supra.baby,available,74,25%,5,"Medicine,Science",,,
manageable.baby,available,74,4%,10,"Business,Education,Technology",,,
sensation.baby,available,74,7%,9,"Entertainment,Media,Sports",,,
activated.baby,available,74,9%,9,"Healthcare,Manufacturing,Technology",,,
broad.baby,available,74,13%,5,"Entertainment,General,Media",,,
realizable.baby,available,74,1%,10,"Business,Education,Technology",,,
admirable.baby,available,74,5%,9,"Business,Education,Healthcare",,,
adenoid.baby,available,74,1%,7,"Health and Fitness,Medicine,Science",,,
adamant.baby,available,74,14%,7,Religion,,,
mavin.baby,available,74,7%,5,"Entertainment,Fashion,Technology",,,
acuate.baby,available,74,2%,6,"Engineering,Medicine,Science",,,
improvize.baby,available,72,1%,9,Entertainment,,,
accusative.baby,available,72,0%,10,"Humanities,Law",,,
adonic.baby,available,72,2%,6,"Arts,Education,Entertainment",,,
absorbed.baby,available,72,2%,8,"Entertainment,Media,Technology",,,
aching.baby,available,72,4%,6,Healthcare,,,
absolutist.baby,available,72,1%,10,"Humanities,Law,Politics",,,
trinity.baby,available,72,18%,7,Religion,,,
sixtieth.baby,available,72,1%,8,Mathematics,,,
ternary.baby,available,72,7%,7,Mathematics,,,
liv.baby,available,72,28%,3,Mathematics,,,
adjectival.baby,available,72,1%,10,Education,,,
adaptative.baby,available,72,1%,10,"Business,Education,Technology",,,
lovely.baby,expiring,72,26%,6,"Entertainment,Fashion,Retail",03/09/2024 11:28,03/09/2025 23:59,"CHENGDU WEST DIMENSION DIGITAL TECHNOLOGY CO., LTD."
trey.baby,available,72,13%,4,Sports,,,
addicted.baby,available,72,9%,8,Healthcare,,,
abreast.baby,available,72,2%,7,"Business,Technology",,,
accustomed.baby,available,72,1%,10,"Business,Education,Humanities",,,
ninetieth.baby,available,72,1%,9,Mathematics,,,
abloom.baby,available,72,5%,6,Agriculture,,,
engrossed.baby,available,72,1%,9,"Entertainment,Media,Technology",,,
existent.baby,available,72,3%,8,"Mathematics,Science",,,
ablaze.baby,available,72,6%,6,Entertainment,,,
adjunctive.baby,available,72,1%,10,"Healthcare,Manufacturing,Technology",,,
adiabatic.baby,available,72,3%,9,"Engineering,Science",,,
seventieth.baby,available,72,1%,10,Mathematics,,,
eightieth.baby,available,72,1%,9,Mathematics,,,
practiced.baby,available,70,3%,9,"Education,Health and Fitness,Sports",,,
recumbent.baby,available,70,2%,9,"Healthcare,Medicine,Science",,,
abradant.baby,available,70,1%,8,"Construction,Manufacturing",,,
stillborn.baby,available,70,2%,9,"Medicine,Science",,,
unity.baby,resell,70,38%,5,Mathematics,05/07/2025 15:45,05/07/2026 23:59,Dynadot LLC
lowdown.baby,available,70,6%,8,"Entertainment,Media",,,
absorbing.baby,available,70,3%,9,"Entertainment,Media,Technology",,,
offhand.baby,available,70,2%,7,Entertainment,,,
miserable.baby,available,70,4%,9,Humanities,,,
admired.baby,available,70,5%,7,"Business,Education,Healthcare",,,
tiptop.baby,available,70,24%,6,Fashion,,,
accumbent.baby,available,70,1%,9,"Healthcare,Medicine,Science",,,
gymnastic.baby,available,70,3%,9,"Entertainment,Sports",,,
adamantine.baby,available,70,4%,10,Religion,,,
acuminate.baby,available,70,1%,9,"Engineering,Medicine,Science",,,
adored.baby,resell,70,6%,6,"Entertainment,Fashion,Retail",05/05/2025 17:53,05/05/2026 23:59,Dynadot LLC
consequent.baby,available,70,3%,10,"Business,Education,General,Technology",,,
skillful.baby,available,70,9%,8,"Education,Health and Fitness,Sports",,,
abulic.baby,available,70,1%,6,Medicine,,,
adjusted.baby,available,70,5%,8,"Manufacturing,Retail,Technology",,,
threesome.baby,available,68,5%,9,Entertainment,,,
achaean.baby,available,68,2%,7,Humanities,,,
abkhas.baby,available,68,0%,6,Geography,,,
septenary.baby,available,68,2%,9,Mathematics,,,
foursome.baby,available,68,4%,8,Sports,,,
disciple.baby,available,68,14%,8,"Education,Religion",,,
abnaki.baby,available,68,1%,6,Geography,,,
licenced.baby,available,68,2%,8,"Business,Healthcare,Insurance",,,
ablative.baby,available,68,3%,8,Science,,,
licensed.baby,available,68,5%,8,"Business,Healthcare,Insurance",,,
accredited.baby,available,68,9%,10,"Business,Education,Healthcare",,,
vindicated.baby,available,68,2%,10,"Humanities,Law,Politics",,,
abducent.baby,available,68,0%,8,Medicine,,,
ane.baby,available,68,12%,3,Mathematics,,,
overseas.baby,available,68,12%,8,"Hospitality,Travel",,,
decorated.baby,available,68,3%,9,"Entertainment,Fashion,Retail",,,
achaian.baby,available,68,2%,7,Humanities,,,
aculeate.baby,available,68,1%,8,"Engineering,Medicine,Science",,,
stygian.baby,available,68,5%,7,Humanities,,,
octonary.baby,available,68,1%,8,Mathematics,,,
ennead.baby,available,68,5%,6,Mathematics,,,
thirtieth.baby,available,68,1%,9,Mathematics,,,
acerate.baby,available,68,1%,7,Science,,,
fortieth.baby,available,68,1%,8,Mathematics,,,
activating.baby,available,68,3%,10,"Healthcare,Manufacturing,Technology",,,
sevener.baby,available,68,1%,7,Mathematics,,,
scurvy.baby,available,68,3%,6,Humanities,,,
aberdonian.baby,available,68,1%,10,Geography,,,
fiftieth.baby,available,68,1%,8,Mathematics,,,
aroused.baby,available,68,3%,7,"Entertainment,Health and Fitness",,,
xviii.baby,available,66,4%,5,Mathematics,,,
exonerated.baby,available,66,2%,10,"Humanities,Law,Politics",,,
xiii.baby,available,66,9%,4,Mathematics,,,
clv.baby,available,66,10%,3,Mathematics,,,
fifty.baby,available,66,13%,5,Mathematics,,,
eighty.baby,available,66,6%,6,Mathematics,,,
accessary.baby,available,66,1%,9,"Business,Law,Technology",,,
thirty.baby,available,66,7%,6,Mathematics,,,
ninety.baby,available,66,11%,6,Mathematics,,,
sextet.baby,available,66,2%,6,Entertainment,,,
xxvi.baby,available,66,3%,4,Mathematics,,,
abstinent.baby,available,66,1%,9,"Health and Fitness,Religion",,,
xvi.baby,available,66,4%,3,Mathematics,,,
xxv.baby,available,66,6%,3,Mathematics,,,
deuce.baby,available,66,8%,5,Sports,,,
four.baby,sold,66,27%,4,Mathematics,22/08/2024 04:31,22/08/2026 23:59,"Porkbun, LLC"
onec.baby,available,66,6%,5,Mathematics,,,
xxii.baby,available,66,6%,4,Mathematics,,,
xii.baby,available,66,10%,3,Mathematics,,,
tenner.baby,available,66,4%,6,Finance,,,
performing.baby,available,66,6%,10,Entertainment,,,
six.baby,resell,66,26%,3,Mathematics,06/03/2025 07:15,06/03/2026 23:59,Alibaba Cloud Computing Ltd. d/b/a HiChina (www.net.cn)
adopted.baby,available,66,4%,7,"Education,Healthcare",,,
latest.baby,available,66,18%,6,Technology,,,
acervate.baby,available,66,1%,8,Science,,,
xvii.baby,available,66,5%,4,Mathematics,,,
xxi.baby,available,66,10%,3,Mathematics,,,
acrobatic.baby,available,66,4%,9,"Entertainment,Sports",,,
modish.baby,available,66,5%,6,Fashion,,,
buzzing.baby,available,66,7%,7,"Entertainment,Media,Technology",,,
according.baby,available,66,3%,9,"Business,Education,Technology",,,
adorned.baby,available,66,5%,7,"Entertainment,Fashion,Retail",,,
acappella.baby,available,66,6%,10,Entertainment,,,
century.baby,available,66,17%,7,Education,,,
teenager.baby,available,66,4%,8,"Education,Entertainment,Healthcare",,,
maven.baby,available,66,30%,5,"Entertainment,Fashion,Technology",,,
aflame.baby,available,64,3%,6,Entertainment,,,
accordant.baby,available,64,3%,9,"Arts,Entertainment",,,
astringent.baby,available,64,1%,10,"Healthcare,Pharmaceuticals",,,
acentric.baby,available,64,2%,8,Science,,,
rising.baby,available,64,18%,6,"Construction,Manufacturing,Real Estate",,,
absolved.baby,available,64,1%,8,"Humanities,Law,Religion",,,
scatty.baby,available,64,1%,6,"Arts,Entertainment,Media",,,
nondrinker.baby,available,64,1%,10,"Health and Fitness,Religion",,,
deviant.baby,available,64,12%,7,"Medicine,Science",,,
adagio.baby,available,64,14%,6,Entertainment,,,
longdozen.baby,available,62,1%,10,Mathematics,,,
pungent.baby,available,62,1%,7,Food and Beverage,,,
abo.baby,available,62,15%,3,Science,,,
admissible.baby,available,62,1%,10,"Education,Healthcare,Law",,,
playacting.baby,available,62,1%,10,Entertainment,,,
fortyfour.baby,available,62,6%,10,Mathematics,,,
aborigine.baby,available,62,1%,9,Humanities,,,
accusing.baby,available,62,1%,8,Law,,,
twodozen.baby,available,62,1%,9,Mathematics,,,
adoptive.baby,available,62,1%,8,"Education,Healthcare",,,
eighteenth.baby,available,62,1%,10,Mathematics,,,
activation.baby,available,62,16%,10,"Healthcare,Manufacturing,Technology",,,
aufait.baby,available,62,3%,7,"Fashion,Media",,,
eleventh.baby,available,62,5%,8,Mathematics,,,
accrued.baby,available,62,2%,7,"Banking,Finance,Insurance",,,
nail.baby,available,62,16%,4,"Construction,Fashion,General,Retail",,,
roughly.baby,available,62,3%,7,"Business,Media,Technology",,,
chiliad.baby,available,62,2%,7,Mathematics,,,
ensuant.baby,available,62,1%,7,"Healthcare,Insurance,Transportation",,,
quartet.baby,available,62,7%,7,"Arts,Entertainment",,,
acidic.baby,available,62,5%,6,"Food and Beverage,Science",,,
adjuvant.baby,available,62,5%,8,"Healthcare,Manufacturing,Technology",,,
exculpated.baby,available,62,1%,10,"Humanities,Law,Politics",,,
sixteenth.baby,available,62,1%,9,Mathematics,,,
orso.baby,available,62,9%,5,"Business,Media,Technology",,,
troika.baby,available,62,8%,6,Politics,,,
wrapped.baby,available,62,13%,7,"Fashion,Hospitality,Retail",,,
cumulative.baby,available,62,2%,10,"Banking,Finance,Insurance",,,
activistic.baby,available,62,1%,10,"Humanities,Politics",,,
paunchy.baby,available,60,0%,7,"Health and Fitness,Medicine",,,
clxxx.baby,available,60,1%,5,Mathematics,,,
sixty.baby,available,60,13%,5,Mathematics,,,
clxxv.baby,available,60,1%,5,Mathematics,,,
clxx.baby,available,60,2%,4,Mathematics,,,
cxxv.baby,available,60,1%,4,Mathematics,,,
eightysix.baby,available,60,7%,10,Mathematics,,,
adnate.baby,available,60,1%,6,"Agriculture,Manufacturing,Retail",,,
annexal.baby,available,60,1%,7,"Agriculture,Manufacturing,Retail",,,
clxv.baby,available,60,1%,4,Mathematics,,,
idolized.baby,available,60,3%,8,"Entertainment,Fashion,Retail",,,
cautionary.baby,available,60,1%,10,"Business,Education,Healthcare",,,
thou.baby,available,60,7%,4,Mathematics,,,
xcl.baby,available,60,5%,3,Mathematics,,,
idolised.baby,available,60,1%,8,"Entertainment,Fashion,Retail",,,
adnexal.baby,available,60,1%,7,"Agriculture,Manufacturing,Retail",,,
cxlv.baby,available,60,2%,4,Mathematics,,,
tertiary.baby,available,60,4%,8,Education,,,
abstemious.baby,available,60,0%,10,"Food and Beverage,Health and Fitness,Hospitality",,,
cxxx.baby,available,60,3%,4,Mathematics,,,
acceptive.baby,available,60,1%,9,"Education,Healthcare",,,
cxxxv.baby,available,60,1%,5,Mathematics,,,
abashed.baby,available,60,1%,7,Humanities,,,
cxv.baby,available,60,4%,3,Mathematics,,,
abstainer.baby,available,60,0%,9,"Health and Fitness,Religion",,,
octet.baby,available,60,12%,5,Arts,,,
aboveboard.baby,available,60,5%,10,"Business,Law",,,
cxl.baby,available,60,7%,3,Mathematics,,,
cxx.baby,available,60,9%,3,Mathematics,,,
tercet.baby,available,59,2%,6,"Arts,Entertainment,Media",,,
ache.baby,available,58,7%,4,Healthcare,,,
niner.baby,available,58,5%,5,Mathematics,,,
linear.baby,available,58,22%,6,"Engineering,Mathematics,Science",,,
abuzz.baby,available,58,5%,5,"Entertainment,Media,Technology",,,
addible.baby,available,58,2%,7,"Engineering,Mathematics,Science",,,
actuarial.baby,available,58,8%,9,"Finance,Insurance,Mathematics",,,
heptad.baby,available,58,2%,6,Mathematics,,,
quintet.baby,available,58,8%,7,"Arts,Entertainment",,,
lxxx.baby,available,58,2%,4,Mathematics,,,
seventy.baby,available,58,7%,7,Mathematics,,,
tetrad.baby,available,58,5%,6,Mathematics,,,
aucourant.baby,available,58,3%,10,"Fashion,Media",,,
adhoc.baby,available,58,24%,6,"Business,Engineering,Technology",,,
pentad.baby,available,58,3%,6,Mathematics,,,
eighter.baby,available,58,2%,7,Mathematics,,,
adient.baby,available,58,4%,6,"Medicine,Science",,,
sixtyone.baby,available,58,5%,9,Mathematics,,,
twelfth.baby,available,58,2%,7,Mathematics,,,
abandoned.baby,available,58,10%,9,"Construction,Real Estate",,,
accoutred.baby,available,58,1%,9,"Fashion,Manufacturing,Retail",,,
adjustive.baby,available,58,1%,9,"Manufacturing,Retail,Technology",,,
offhanded.baby,available,58,1%,9,Entertainment,,,
addressed.baby,available,58,3%,9,"Business,Technology,Telecommunications",,,
seven.baby,resell,58,35%,5,Mathematics,01/12/2024 02:45,01/12/2025 23:59,"CHENGDU WEST DIMENSION DIGITAL TECHNOLOGY CO., LTD."
sixer.baby,available,58,5%,5,Sports,,,
lxxviii.baby,available,58,1%,7,Mathematics,,,
fourscore.baby,available,58,4%,9,Mathematics,,,
alacarte.baby,available,58,11%,10,Food and Beverage,,,
cypher.baby,available,58,28%,6,Mathematics,,,
centesimal.baby,available,58,1%,10,Mathematics,,,
closeto.baby,available,58,3%,8,"Business,Media,Technology",,,
accented.baby,available,58,3%,8,"Arts,Entertainment",,,
enwrapped.baby,available,58,0%,9,"Entertainment,Fashion,Media",,,
fifth.baby,available,58,12%,5,Mathematics,,,
acetic.baby,available,58,1%,6,"Food and Beverage,Science",,,
abridged.baby,available,58,4%,8,Media,,,
acyclic.baby,available,58,4%,7,"Engineering,Mathematics,Science",,,
fourth.baby,available,58,13%,6,Mathematics,,,
abused.baby,available,58,5%,6,"Healthcare,Law",,,
justabout.baby,available,58,3%,10,"Business,Media,Technology",,,
accretive.baby,available,58,6%,9,"Banking,Finance,Insurance",,,
sextuplet.baby,available,58,1%,9,Healthcare,,,
octad.baby,available,58,5%,5,Mathematics,,,
hexad.baby,available,58,5%,5,Mathematics,,,
admissive.baby,available,56,1%,9,"Education,Healthcare,Hospitality",,,
triad.baby,available,56,15%,5,Arts,,,
xxvii.baby,available,56,3%,5,Mathematics,,,
accoutered.baby,available,56,0%,10,"Fashion,Manufacturing,Retail",,,
xxxv.baby,available,56,4%,4,Mathematics,,,
abdominous.baby,available,56,0%,10,"Health and Fitness,Medicine",,,
xlii.baby,available,56,5%,4,Mathematics,,,
terzetto.baby,available,56,3%,8,Arts,,,
xlvii.baby,available,56,2%,5,Mathematics,,,
xxxi.baby,available,56,8%,4,Mathematics,,,
fortytwo.baby,available,56,17%,9,Mathematics,,,
addled.baby,available,56,2%,6,Entertainment,,,
xxxvii.baby,available,56,2%,6,Mathematics,,,
fiftyfour.baby,available,56,4%,10,Mathematics,,,
xxix.baby,available,56,4%,4,Mathematics,,,
lvii.baby,available,56,2%,4,Mathematics,,,
liii.baby,available,56,4%,4,Mathematics,,,
admittible.baby,available,56,1%,10,"Education,Healthcare,Hospitality",,,
xxxvi.baby,available,56,1%,5,Mathematics,,,
xxviii.baby,available,56,1%,6,Mathematics,,,
xxxiii.baby,available,56,2%,6,Mathematics,,,
lviii.baby,available,56,1%,5,Mathematics,,,
thirtytwo.baby,available,56,4%,10,Mathematics,,,
xlvi.baby,available,56,3%,4,Mathematics,,,
thirtysix.baby,available,56,5%,10,Mathematics,,,
maledict.baby,available,56,1%,8,Religion,,,
halfdozen.baby,available,56,1%,10,Mathematics,,,
aone.baby,available,56,15%,5,Food and Beverage,,,
xlviii.baby,available,56,1%,6,Mathematics,,,
lvi.baby,available,56,8%,3,Mathematics,,,
xxxviii.baby,available,56,1%,7,Mathematics,,,
fiftyone.baby,available,56,8%,9,Mathematics,,,
fiftytwo.baby,available,56,6%,9,Mathematics,,,
potbellied.baby,available,56,0%,10,"Health and Fitness,Medicine",,,
fiftynine.baby,available,56,4%,10,Mathematics,,,
abeyant.baby,available,56,1%,7,"Business,Law",,,
xliv.baby,available,56,3%,4,Mathematics,,,
ilx.baby,available,56,6%,3,Mathematics,,,
fiftysix.baby,available,56,4%,9,Mathematics,,,
xxiv.baby,available,56,5%,4,Mathematics,,,
fortynine.baby,available,56,3%,10,Mathematics,,,
thirtyone.baby,available,56,4%,10,Mathematics,,,
admittable.baby,available,56,1%,10,"Education,Healthcare,Hospitality",,,
fortyone.baby,available,56,5%,9,Mathematics,,,
xliii.baby,available,56,1%,5,Mathematics,,,
lii.baby,available,56,7%,3,Mathematics,,,
fortysix.baby,available,56,4%,9,Mathematics,,,
xxxiv.baby,available,56,1%,5,Mathematics,,,
xlv.baby,available,56,6%,3,Mathematics,,,
xxiii.baby,available,56,4%,5,Mathematics,,,
appressed.baby,available,56,0%,9,"Agriculture,Manufacturing,Retail",,,
fiftyfive.baby,available,56,8%,10,Mathematics,,,
xxxii.baby,available,56,1%,5,Mathematics,,,
xli.baby,available,56,5%,3,Mathematics,,,
admonitory.baby,available,54,0%,10,"Business,Education,Healthcare",,,
abatable.baby,available,54,1%,8,Law,,,
deuceace.baby,available,54,1%,9,Sports,,,
quaternion.baby,available,54,6%,10,Mathematics,,,
abient.baby,available,54,1%,6,Science,,,
quintuplet.baby,available,54,1%,10,"Healthcare,Medicine,Science",,,
adducent.baby,available,54,1%,8,"Engineering,Mathematics,Science",,,
adpressed.baby,available,54,0%,9,"Agriculture,Manufacturing,Retail",,,
topnotch.baby,available,54,18%,8,Business,,,
monitory.baby,available,54,3%,8,"Business,Education,Healthcare",,,
quatern.baby,available,54,2%,7,Mathematics,,,
abducens.baby,available,54,1%,8,Medicine,,,
adductive.baby,available,54,0%,9,"Engineering,Mathematics,Science",,,
adaxial.baby,available,54,2%,7,Science,,,
adducting.baby,available,54,1%,9,"Engineering,Mathematics,Science",,,
viii.baby,available,54,6%,4,Mathematics,,,
accentual.baby,available,54,3%,9,"Arts,Entertainment",,,
quaternity.baby,available,54,4%,10,Mathematics,,,
abaxial.baby,available,54,1%,7,Science,,,
scratchy.baby,available,54,3%,8,Fashion,,,
fortyfive.baby,available,54,5%,10,Mathematics,,,
adjuratory.baby,available,54,0%,10,"Law,Politics,Religion",,,
abhorrent.baby,available,54,1%,9,Humanities,,,
twoscore.baby,available,54,2%,8,Mathematics,,,
ternion.baby,available,54,3%,7,Mathematics,,,
abatic.baby,available,54,1%,6,Science,,,
unnatural.baby,available,54,4%,9,"Medicine,Science",,,
abasic.baby,available,54,1%,6,Science,,,
acoustical.baby,available,54,4%,10,Science,,,
threescore.baby,available,54,2%,10,Mathematics,,,
sise.baby,available,54,5%,4,Mathematics,,,
fin.baby,resell,54,30%,3,Finance,18/08/2024 20:50,18/08/2026 23:59,"Go Daddy, LLC"
aboral.baby,available,54,2%,6,Science,,,
actuated.baby,available,54,2%,8,"Automotive,Manufacturing,Technology",,,
achromatic.baby,available,54,4%,10,Science,,,
achy.baby,available,54,3%,4,Healthcare,,,
deserted.baby,available,54,3%,8,"Hospitality,Real Estate",,,
accursed.baby,available,54,3%,8,"Entertainment,Media,Religion",,,
quadruplet.baby,available,54,1%,10,"Healthcare,Medicine,Science",,,
sestet.baby,available,53,1%,6,Arts,,,
xxx.baby,resell,53,30%,3,"Arts,Entertainment,Media",19/06/2021 17:00,19/06/2026 23:59,"Porkbun, LLC"
septet.baby,available,53,1%,6,General,,,
sixtyfive.baby,available,52,3%,10,Mathematics,,,
xcviii.baby,available,52,1%,6,Mathematics,,,
lxvi.baby,available,52,3%,4,Mathematics,,,
abstruse.baby,available,52,5%,8,"Humanities,Mathematics,Science",,,
lxxxiii.baby,available,52,1%,7,Mathematics,,,
xciv.baby,available,52,2%,4,Mathematics,,,
abysmal.baby,available,52,4%,7,"Arts,Entertainment,Media",,,
lxxxvii.baby,available,52,1%,7,Mathematics,,,
eightytwo.baby,available,52,4%,10,Mathematics,,,
lxiii.baby,available,52,2%,5,Mathematics,,,
lxxvi.baby,available,52,1%,5,Mathematics,,,
lxxi.baby,available,52,2%,4,Mathematics,,,
lxxxvi.baby,available,52,1%,6,Mathematics,,,
ninetyone.baby,available,52,5%,10,Mathematics,,,
uphill.baby,available,52,7%,6,"Sports,Transportation,Travel",,,
lxxv.baby,available,52,2%,4,Mathematics,,,
lxiv.baby,available,52,3%,4,Mathematics,,,
lxxxv.baby,available,52,1%,5,Mathematics,,,
eightyone.baby,available,52,3%,10,Mathematics,,,
lxi.baby,available,52,5%,3,Mathematics,,,
lxxxi.baby,available,52,1%,5,Mathematics,,,
sixtytwo.baby,available,52,3%,9,Mathematics,,,
sixtyfour.baby,available,52,4%,10,Mathematics,,,
adenoidal.baby,available,52,1%,9,"Health and Fitness,Medicine,Science",,,
odious.baby,available,52,2%,6,"Entertainment,Humanities",,,
ixc.baby,available,52,5%,3,Mathematics,,,
xcii.baby,available,52,2%,4,Mathematics,,,
repugnant.baby,available,52,1%,9,Humanities,,,
aboulic.baby,available,52,1%,7,Medicine,,,
abusive.baby,available,52,3%,7,"Healthcare,Law",,,
decumbent.baby,available,52,1%,9,"Healthcare,Medicine,Science",,,
repulsive.baby,available,52,1%,9,Humanities,,,
littlejoe.baby,available,52,2%,10,"Entertainment,Media",,,
lxii.baby,available,52,2%,4,Mathematics,,,
lxxxii.baby,available,52,1%,6,Mathematics,,,
chagrined.baby,available,52,1%,9,Humanities,,,
xcvi.baby,available,52,2%,4,Mathematics,,,
abominable.baby,available,52,2%,10,"Entertainment,Humanities",,,
xcv.baby,available,52,7%,3,Mathematics,,,
sixtysix.baby,available,52,5%,9,Mathematics,,,
xciii.baby,available,52,1%,5,Mathematics,,,
tierce.baby,available,52,3%,6,General,,,
lxv.baby,available,52,5%,3,Mathematics,,,
lxviii.baby,available,52,2%,6,Mathematics,,,
detestable.baby,available,52,1%,10,Humanities,,,
lxxxiv.baby,available,52,1%,6,Mathematics,,,
lxvii.baby,available,52,1%,5,Mathematics,,,
xci.baby,available,52,4%,3,Mathematics,,,
lxxiv.baby,available,52,1%,5,Mathematics,,,
lxxii.baby,available,52,1%,5,Mathematics,,,
ixl.baby,available,52,9%,3,Mathematics,,,
ninetytwo.baby,available,52,4%,10,Mathematics,,,
ninetysix.baby,available,52,4%,10,Mathematics,,,
ablated.baby,available,52,1%,7,Science,,,
lxxvii.baby,available,52,2%,6,Mathematics,,,
xcvii.baby,available,52,1%,5,Mathematics,,,
lxxiii.baby,available,52,2%,6,Mathematics,,,
acetose.baby,available,50,1%,7,Science,,,
trine.baby,available,50,11%,5,"General,Religion",,,
aborticide.baby,available,50,0%,10,Medicine,,,
quint.baby,available,50,13%,5,"Arts,Entertainment",,,
abranchial.baby,available,50,0%,10,Science,,,
scummy.baby,available,50,1%,6,Humanities,,,
acquitted.baby,available,50,1%,9,Law,,,
cinque.baby,available,50,7%,6,Mathematics,,,
abdicable.baby,available,50,0%,9,Law,,,
needlelike.baby,available,50,0%,10,"Engineering,Medicine,Science",,,
broached.baby,available,50,0%,8,Food and Beverage,,,
ogdoad.baby,available,50,1%,6,Mathematics,,,
acetous.baby,available,50,1%,7,Science,,,
adhominem.baby,available,50,2%,10,"Humanities,Law,Politics",,,
abducting.baby,available,50,0%,9,Medicine,,,
acellular.baby,available,50,1%,9,Science,,,
gillless.baby,available,50,0%,9,Science,,,
acaudal.baby,available,50,1%,7,"Agriculture,Science",,,
aculeated.baby,available,50,0%,9,"Engineering,Medicine,Science",,,
triplet.baby,available,50,8%,7,Science,,,
vinegary.baby,available,50,1%,8,Food and Beverage,,,
abbatial.baby,available,50,0%,8,Religion,,,
acapnotic.baby,available,50,0%,9,"Healthcare,Medicine,Science",,,
abomasal.baby,available,50,0%,8,Agriculture,,,
acerb.baby,available,50,2%,5,Science,,,
abactinal.baby,available,50,0%,9,Science,,,
spinous.baby,available,50,1%,7,"Agriculture,Science",,,
acerose.baby,available,50,1%,7,Science,,,
acapnic.baby,available,50,0%,7,"Healthcare,Medicine,Science",,,
adactylous.baby,available,50,0%,10,Science,,,
acerbic.baby,available,50,2%,7,"Arts,Humanities,Media",,,
ilxxx.baby,available,48,1%,5,Mathematics,,,
ilxx.baby,available,48,1%,4,Mathematics,,,
abstracted.baby,available,48,5%,10,"Arts,Humanities,Science",,,
lxxxviii.baby,available,48,1%,8,Mathematics,,,
notguilty.baby,available,48,5%,10,Law,,,
execrable.baby,available,48,0%,9,"Entertainment,Humanities",,,
abyssal.baby,available,48,12%,7,"Arts,Entertainment,Media",,,
apriori.baby,available,48,13%,8,Mathematics,,,
acetylic.baby,available,46,1%,8,Science,,,
acanthous.baby,available,46,0%,9,"Agriculture,Science",,,
acheronian.baby,available,46,1%,10,Humanities,,,
acarpous.baby,available,46,0%,8,"Agriculture,Science",,,
stemless.baby,available,46,2%,8,"Agriculture,Science",,,
acarpelous.baby,available,46,0%,10,"Agriculture,Science",,,
theabsurd.baby,available,46,1%,10,"Arts,Entertainment,Media",,,
quaternary.baby,available,46,3%,10,Mathematics,,,
acetylenic.baby,available,46,1%,10,Science,,,
stripling.baby,available,46,2%,9,"Education,Entertainment,Healthcare",,,
vinegarish.baby,available,46,1%,10,Food and Beverage,,,
acicular.baby,available,46,2%,8,Science,,,
achromic.baby,available,46,2%,8,Science,,,
acanthotic.baby,available,46,0%,10,"Agriculture,Science",,,
acephalous.baby,available,46,1%,10,Science,,,
cotyloid.baby,available,46,1%,8,Science,,,
achromous.baby,available,46,1%,9,Science,,,
acaudate.baby,available,46,1%,8,"Agriculture,Science",,,
acanthoid.baby,available,46,1%,9,"Agriculture,Science",,,
acetonic.baby,available,46,1%,8,Science,,,
acetabular.baby,available,46,1%,10,Science,,,
achenial.baby,available,46,1%,8,Science,,,
acapnial.baby,available,46,0%,8,"Healthcare,Medicine,Science",,,
acherontic.baby,available,44,1%,10,Humanities,,,
cotyloidal.baby,available,44,1%,10,Science,,,
accusatory.baby,available,44,1%,10,Law,,,
abscessed.baby,available,41,0%,9,Healthcare,,,
phoebe.baby,available,41,14%,6,Science,,,
scurrilous.baby,available,40,1%,10,"Entertainment,Media,Politics",,,
accusive.baby,available,40,1%,8,Law,,,
accurst.baby,available,40,1%,7,Religion,,,